file,x1,y1,x2,y2,width,height
00_总览切块/01_主界面完整.png,8,52,452,934,444,882
00_总览切块/02_导航与通用UI.png,458,53,994,480,536,427
00_总览切块/03_货币与道具.png,997,52,1485,485,488,433
00_总览切块/04_商店素材.png,457,484,993,811,536,327
00_总览切块/05_战斗界面素材.png,997,484,1485,812,488,328
00_总览切块/06_仓库素材.png,456,815,779,1011,323,196
00_总览切块/07_升级模块素材.png,778,814,1149,1011,371,197
00_总览切块/08_资源目录建议.png,1148,814,1487,1011,339,197
01_按钮/主按钮_开始.png,524,88,629,135,105,47
01_按钮/主按钮_确定.png,638,88,746,135,108,47
01_按钮/主按钮_取消.png,756,88,863,135,107,47
01_按钮/主按钮_挑战.png,872,88,978,135,106,47
01_按钮/次按钮_领取.png,526,144,608,179,82,35
01_按钮/次按钮_升级.png,616,144,699,179,83,35
01_按钮/次按钮_购买.png,708,144,792,179,84,35
01_按钮/次按钮_使用.png,801,144,884,179,83,35
01_按钮/次按钮_一键领取.png,892,144,979,179,87,35
01_按钮/页签_主角.png,524,184,634,216,110,32
01_按钮/页签_伙伴.png,640,184,752,216,112,32
01_按钮/页签_职业.png,757,184,867,216,110,32
01_按钮/页签_培养.png,873,184,981,216,108,32
02_导航/底部导航_商店.png,525,224,610,302,85,78
02_导航/底部导航_英雄.png,612,224,697,302,85,78
02_导航/底部导航_战斗.png,699,224,784,302,85,78
02_导航/底部导航_仓库.png,786,224,871,302,85,78
02_导航/底部导航_升级.png,873,224,980,302,107,78
03_通用图标/主页.png,526,314,561,352,35,38
03_通用图标/返回.png,568,314,603,352,35,38
03_通用图标/设置.png,610,314,646,352,36,38
03_通用图标/邮件.png,652,314,690,352,38,38
03_通用图标/声音.png,695,314,730,352,35,38
03_通用图标/帮助.png,738,314,772,352,34,38
03_通用图标/信息.png,779,314,812,352,33,38
03_通用图标/勾选.png,818,314,854,352,36,38
03_通用图标/复选框.png,861,314,895,352,34,38
03_通用图标/红点.png,903,314,938,352,35,38
04_面板标题/功能标题.png,522,361,681,418,159,57
04_面板标题/普通面板.png,687,360,846,458,159,98
04_面板标题/警告标题.png,852,361,977,413,125,52
04_面板标题/活动标题.png,850,417,936,459,86,42
04_面板标题/提示气泡.png,938,414,986,461,48,47
05_货币道具/带标签/01_01_金币.png,1011,84,1085,170,74,86
05_货币道具/图标_only/01_01_金币.png,1018,88,1078,145,60,57
05_货币道具/带标签/01_02_钻石.png,1087,84,1161,170,74,86
05_货币道具/图标_only/01_02_钻石.png,1094,88,1154,145,60,57
05_货币道具/带标签/01_03_紫晶.png,1164,84,1238,170,74,86
05_货币道具/图标_only/01_03_紫晶.png,1171,88,1231,145,60,57
05_货币道具/带标签/01_04_钥匙.png,1241,84,1315,170,74,86
05_货币道具/图标_only/01_04_钥匙.png,1248,88,1308,145,60,57
05_货币道具/带标签/01_05_宝箱.png,1318,84,1392,170,74,86
05_货币道具/图标_only/01_05_宝箱.png,1325,88,1385,145,60,57
05_货币道具/带标签/01_06_卷轴.png,1394,84,1468,170,74,86
05_货币道具/图标_only/01_06_卷轴.png,1401,88,1461,145,60,57
05_货币道具/带标签/02_01_武器.png,1011,171,1085,256,74,85
05_货币道具/图标_only/02_01_武器.png,1018,175,1078,232,60,57
05_货币道具/带标签/02_02_盾牌.png,1087,171,1161,256,74,85
05_货币道具/图标_only/02_02_盾牌.png,1094,175,1154,232,60,57
05_货币道具/带标签/02_03_铠甲.png,1164,171,1238,256,74,85
05_货币道具/图标_only/02_03_铠甲.png,1171,175,1231,232,60,57
05_货币道具/带标签/02_04_靴子.png,1241,171,1315,256,74,85
05_货币道具/图标_only/02_04_靴子.png,1248,175,1308,232,60,57
05_货币道具/带标签/02_05_生命药水.png,1318,171,1392,256,74,85
05_货币道具/图标_only/02_05_生命药水.png,1325,175,1385,232,60,57
05_货币道具/带标签/02_06_法力药水.png,1394,171,1468,256,74,85
05_货币道具/图标_only/02_06_法力药水.png,1401,175,1461,232,60,57
05_货币道具/带标签/03_01_炸弹.png,1011,257,1085,342,74,85
05_货币道具/图标_only/03_01_炸弹.png,1018,261,1078,318,60,57
05_货币道具/带标签/03_02_烤鸡食物.png,1087,257,1161,342,74,85
05_货币道具/图标_only/03_02_烤鸡食物.png,1094,261,1154,318,60,57
05_货币道具/带标签/03_03_水晶.png,1164,257,1238,342,74,85
05_货币道具/图标_only/03_03_水晶.png,1171,261,1231,318,60,57
05_货币道具/带标签/03_04_强化石.png,1241,257,1315,342,74,85
05_货币道具/图标_only/03_04_强化石.png,1248,261,1308,318,60,57
05_货币道具/带标签/03_05_进阶材料.png,1318,257,1392,342,74,85
05_货币道具/图标_only/03_05_进阶材料.png,1325,261,1385,318,60,57
05_货币道具/带标签/03_06_英雄碎片.png,1394,257,1468,342,74,85
05_货币道具/图标_only/03_06_英雄碎片.png,1401,261,1461,318,60,57
05_货币道具/带标签/04_01_木材.png,1011,343,1085,474,74,131
05_货币道具/图标_only/04_01_木材.png,1018,347,1078,404,60,57
05_货币道具/带标签/04_02_石块.png,1087,343,1161,474,74,131
05_货币道具/图标_only/04_02_石块.png,1094,347,1154,404,60,57
05_货币道具/带标签/04_03_铁锭.png,1164,343,1238,474,74,131
05_货币道具/图标_only/04_03_铁锭.png,1171,347,1231,404,60,57
05_货币道具/带标签/04_04_魔能结晶.png,1241,343,1315,474,74,131
05_货币道具/图标_only/04_04_魔能结晶.png,1248,347,1308,404,60,57
05_货币道具/带标签/04_05_龙鳞.png,1318,343,1392,474,74,131
05_货币道具/图标_only/04_05_龙鳞.png,1325,347,1385,404,60,57
05_货币道具/带标签/04_06_魔法粉尘.png,1394,343,1468,474,74,131
05_货币道具/图标_only/04_06_魔法粉尘.png,1401,347,1461,404,60,57
06_商店/大横幅_超值礼包.png,470,522,812,610,342,88
06_商店/限时特惠_炎龙.png,820,521,984,608,164,87
06_商店/月卡.png,820,612,984,695,164,83
06_商店/成长基金.png,820,696,984,800,164,104
06_商店/分类页签整条.png,470,612,809,652,339,40
06_商店/商品卡_新手礼包.png,468,653,552,800,84,147
06_商店/商品卡_进阶材料包.png,556,653,639,800,83,147
06_商店/商品卡_英雄召唤券.png,643,653,726,800,83,147
06_商店/商品卡_金币大礼包.png,730,653,814,800,84,147
07_战斗UI/HUD顶部.png,1008,520,1475,563,467,43
07_战斗UI/BOSS来袭警告条.png,1008,568,1477,620,469,52
07_战斗UI/技能卡_紫.png,1013,637,1118,788,105,151
07_战斗UI/技能卡_蓝.png,1122,637,1228,788,106,151
07_战斗UI/技能卡_橙.png,1233,637,1338,788,105,151
07_战斗UI/战斗胜利结算.png,1343,635,1476,797,133,162
08_仓库/分类栏.png,467,850,533,1000,66,150
08_仓库/物品格区域.png,540,848,768,1002,228,154
08_仓库/剑.png,550,857,608,909,58,52
08_仓库/铠甲.png,613,857,670,909,57,52
08_仓库/靴子.png,676,857,733,909,57,52
08_仓库/生命药水.png,550,912,608,963,58,51
08_仓库/法力药水.png,613,912,670,963,57,51
08_仓库/卷轴.png,676,912,733,963,57,51
08_仓库/宝箱.png,550,965,608,1004,58,39
08_仓库/空槽.png,613,965,670,1004,57,39
09_升级/守护雕像卡.png,788,844,899,995,111,151
09_升级/城墙卡.png,904,844,1015,995,111,151
09_升级/公主卡.png,1020,844,1138,995,118,151
10_主界面拆分/玩家信息卡.png,20,65,267,129,247,64
10_主界面拆分/顶部货币栏.png,276,64,438,109,162,45
10_主界面拆分/Logo.png,130,134,368,283,238,149
10_主界面拆分/左侧按钮组.png,16,346,93,607,77,261
10_主界面拆分/右侧按钮组.png,365,346,441,609,76,263
10_主界面拆分/关卡面板.png,111,541,366,738,255,197
10_主界面拆分/开始战斗大按钮.png,117,750,365,850,248,100
10_主界面拆分/底部导航整条.png,17,859,442,930,425,71
